"LASTNAME","FIRSTNAME","COMPANY","CITY","STATE","POSTALCODE","COUNTRY","PHONE","EMAIL","PARTYID__C"
"Philp","Alex","TerraEcho","","","","","","aphilp@terraecho.com",""
"Storz","Charlie","911 Systems","","","","","","charlie.storz@911systems.com",""
"White","Bobby","Salesforce","","","","","","bobby.white@salesforce.com",""
"Lim","Herb","John Hancock","","","","","","hlim@jhancock.com",""
"Williams","Ned","MI6","","","","","","ned.williams@mi6.uk.gov",""
"Fitzgerald","Rollo","Guise Brothers","","","","","","rollo@guise.fr",""
"Aumand","Pierre","Guise Brothers","","","","","","pierre@guise.fr",""
"White","Bobby","Salesforce","","","","","","bobby.white@example.com",""
"Rapp","Mitch","Orion Consulting","","","","","","mrapp@orion.cia.gov",""
"Reacher","Jack","Drifter","","","","","","reacher@nowhere.org",""
"McBarnicle","John","Irish Spring","Dublin","","","","","",""
"Lau","Julian","Universal","Colorado","","","","","",""
"Dangerfield","Rodney","Dangerfield Industries","","","","","","",""
"Edwards","Julia","TCS","Nashville","","","","","",""
"Roberts","Tony","SFDC","Denver","","","","","",""
"Rotten","Johnny","The Clash","London","","","","","",""
"Cameron","James","Star Wars","Colarado","","","","","",""
"Cotton","Phyllis","Abbott Insurance","","VA","","USA","(703) 757-1000","pcotton@abbottins.net",""
"Glimpse","Jeff","Jackson Controls","","","","Taiwan","886-2-25474189","jeffg@jackson.com",""
"Braund","Mike","Metropolitan Health Services","","MD","","USA","(410) 381-2334","likeb@metro.com",""
"Feager","Patricia","International Shipping Co.","","NC","","USA","(336) 777-1970","patricia_feager@is.com",""
"Mcclure","Brenda","Cadinal Inc.","","IL","","USA","(847) 262-5000","brenda@cardinal.net",""
"Maccleod","Violet","Emerson Transport","","GA","","USA","(770) 395-2370","violetm@emersontransport.com",""
"Snyder","Kathy","TNR Corp.","","CT","","USA","(860) 273-0123","ksynder@tnr.net",""
"James","Tom","Delphi Chemicals","","MN","","USA","(952) 346-3500","tom.james@delphi.chemicals.com",""
"Brownell","Shelly","Western Telecommunications Corp.","","CA","","USA","(408) 326-9000","shellyb@westerntelecom.com",""
"Owenby","Pamela","Hendrickson Trading","","PA","","USA","(570) 326-1571","pam_owenby@hendricksontrading.com",""
"May","Norm","Greenwich Media","","OH","","USA","(419) 289-3555","norm_may@greenwich.net",""
"Stumuller","Pat","Pyramid Construction Inc.","","","","France","33562156600","pat@pyramid.net",""
"Young","Andy","Dickenson plc","","KS","","USA","(620) 241-6200","a_young@dickenson.com",""
"Akin","Kristen","Aethna Home Products","","VA","","USA","(434) 369-3100","kakin@athenahome.com",""
"Monaco","David","Blues Entertainment Corp.","","","","Japan","(033) 452-1299","david@blues.com",""
"Crenshaw","Carolyn","Ace Iron and Steel Inc.","","AL","","USA","(251) 679-2200","carolync@aceis.com",""
"Rogers","Jack","Burlington Textiles Corp of America","Burlington","NC","27215","USA","(336) 222-7000","jrogers@btca.com",""
"Dadio Jr","Bill","Zenith Industrial Partners","","OH","","USA","(614) 431-5000","bill_dadio@zenith.com",""
"Luce","Eugena","Pacific Retail Group","","MA","","USA","(781) 270-6500","eluce@pacificretail.com",""
"Eberhard","Sandra","Highland Manufacturing Ltd.","","CA","","USA","(626) 440-0700","sandra_e@highland.net",""
"Bair","Betty","American Banking Corp.","","PA","","USA","(610) 265-9100","bblair@abankingco.com",""
"Boxer","Bertha","Farmers Coop. of Florida","Tallahassee","FL","32306","USA","(850) 644-4200","bertha@fcof.net",""
"Gordon","Flash","Gordonville","","","","","","",""
"America","Captain","Uncle Sam","Dayton","","","","","",""
"Wayne","John","Wayne Co","Denver","","","","","",""
"Rotten","Johnny","Galdones","","","","United Kingdom","(704) 547-4999","",""
"Chandler","Robert","Wipro","Netherlands","","","","","",""
"Fal","Jimmy","NBC","New York","","","","","",""
"Oneil","Zoey","Magic","Orlando","","","","","",""
"Wayne","Bruce","Wayne Enterprises","","","","","","",""
"Newman","Michael","Infosys","Bangalore","","","","","",""
"Appleseed","Johnny","Appleseed Inc","","","","","","",""
"Stark","Tony","Stark Industries","New York","","","","","",""
"Griffen","Jim","Sendscape","New York","","","","","",""
"Haywards","Tony","UTV","Phoenix","","","","","",""
"Hotsauce","Johnny","Tabasco","New Orleans","","","","","",""
"Loehr","Sarah","MedLife, Inc.","New York","New York","10010","United States","(555) 555-1212","info@salesforce.com",""
"Gardner","John","3C Systems","Marlborough","Massachusetts","1752","United States","(555) 555-1212","info@salesforce.com",""
"Smith","Andy","Universal Technologies","Hartford","Connecticut","6103","United States","(555) 555-1212","info@salesforce.com",""
"Steele","Jim","BigLife Inc.","Hartford","Connecticut","6156","United States","(555) 555-1212","info@salesforce.com",""
"Test","Test","Test","","","","","","",""
"McBride","John","GlobalCom","","","","","","",""
"Ware","Jeff","TD Ameritrade","St Louis","MO","","","","jeff.ware@tdameritrade.com",""
