FirstName,LastName,Email,Company
Bobby,White,bobby.white@example.com,Salesforce
Mitch,Rapp,mrapp@orion.cia.gov,Orion Consulting
Jack,Reacher,reacher@nowhere.org,Drifter
Ned,Williams,ned.williams@mi6.uk.gov,MI6
Rollo,Fitzgerald,rollo@guise.fr,Guise Brothers
Pierre,Aumand,pierre@guise.fr,Guise Brothers